date,country,streams
2024-01-01,Egypt,3083688
2024-01-01,Finland,2226046
2024-01-01,Germany,17922558
2024-01-01,Japan,12957007
2024-01-01,Ukraine,2716150
2024-01-01,United Kingdom,16870115
2024-01-01,United States,16870115
2024-01-02,Egypt,3085517
2024-01-02,Finland,2645685
2024-01-02,Germany,20921369
2024-01-02,Japan,15108216
2024-01-02,Ukraine,2858780
2024-01-02,United Kingdom,19756717
2024-01-02,United States,19756717
2024-01-03,Egypt,3071565
2024-01-03,Finland,2692457
2024-01-03,Germany,21412688
2024-01-03,Japan,15914893
2024-01-03,Ukraine,3004824
2024-01-03,United Kingdom,20823391
2024-01-03,United States,20823391
2024-01-04,Egypt,3301648
2024-01-04,Finland,2764571
2024-01-04,Germany,21866199
2024-01-04,Japan,17511355
2024-01-04,Ukraine,3059998
2024-01-04,United Kingdom,21189578
2024-01-04,United States,21189578
2024-01-05,Egypt,3054297
2024-01-05,Finland,4083200
2024-01-05,Germany,26819796
2024-01-05,Japan,17484794
2024-01-05,Ukraine,3144412
2024-01-05,United Kingdom,22664915
2024-01-05,United States,22664915
2024-01-06,Egypt,3195142
2024-01-06,Finland,3622414
2024-01-06,Germany,23487886
2024-01-06,Japan,17589398
2024-01-06,Ukraine,2975528
2024-01-06,United Kingdom,21988351
2024-01-06,United States,21988351
2024-01-07,Egypt,3072872
2024-01-07,Finland,3159696
2024-01-07,Germany,19462657
2024-01-07,Japan,17078831
2024-01-07,Ukraine,2791140
2024-01-07,United Kingdom,19980229
2024-01-07,United States,19980229
2024-01-08,Egypt,3023735
2024-01-08,Finland,3741732
2024-01-08,Germany,21884370
2024-01-08,Japan,18443255
2024-01-08,Ukraine,2944594
2024-01-08,United Kingdom,21712626
2024-01-08,United States,21712626
2024-01-09,Egypt,2988377
2024-01-09,Finland,3691872
2024-01-09,Germany,22551658
2024-01-09,Japan,17555653
2024-01-09,Ukraine,3007890
2024-01-09,United Kingdom,22326772
2024-01-09,United States,22326772
2024-01-10,Egypt,2976597
2024-01-10,Finland,3635080
2024-01-10,Germany,22392713
2024-01-10,Japan,17309454
2024-01-10,Ukraine,3094448
2024-01-10,United Kingdom,22340987
2024-01-10,United States,22340987
2024-01-11,Egypt,3248908
2024-01-11,Finland,3655560
2024-01-11,Germany,22729547
2024-01-11,Japan,17227261
2024-01-11,Ukraine,3147256
2024-01-11,United Kingdom,22633176
2024-01-11,United States,22633176
2024-01-12,Egypt,2866886
2024-01-12,Finland,4295487
2024-01-12,Germany,29430036
2024-01-12,Japan,16657011
2024-01-12,Ukraine,3310444
2024-01-12,United Kingdom,25980973
2024-01-12,United States,25980973
2024-01-13,Egypt,2880624
2024-01-13,Finland,3672512
2024-01-13,Germany,25740850
2024-01-13,Japan,17412429
2024-01-13,Ukraine,3202934
2024-01-13,United Kingdom,24468672
2024-01-13,United States,24468672
2024-01-14,Egypt,2793457
2024-01-14,Finland,3072385
2024-01-14,Germany,20215515
2024-01-14,Japan,18672634
2024-01-14,Ukraine,2988332
2024-01-14,United Kingdom,21763635
2024-01-14,United States,21763635
2024-01-15,Egypt,3027198
2024-01-15,Finland,3586306
2024-01-15,Germany,23539606
2024-01-15,Japan,17674028
2024-01-15,Ukraine,3256470
2024-01-15,United Kingdom,23738597
2024-01-15,United States,23738597
2024-01-16,Egypt,3159759
2024-01-16,Finland,3476581
2024-01-16,Germany,23657680
2024-01-16,Japan,17398266
2024-01-16,Ukraine,3318402
2024-01-16,United Kingdom,23952937
2024-01-16,United States,23952937
2024-01-17,Egypt,3204461
2024-01-17,Finland,3503833
2024-01-17,Germany,22435892
2024-01-17,Japan,17823343
2024-01-17,Ukraine,3350496
2024-01-17,United Kingdom,23730983
2024-01-17,United States,23730983
2024-01-18,Egypt,3292749
2024-01-18,Finland,3630396
2024-01-18,Germany,23051813
2024-01-18,Japan,17591252
2024-01-18,Ukraine,3353296
2024-01-18,United Kingdom,23612020
2024-01-18,United States,23612020
2024-01-19,Egypt,3074364
2024-01-19,Finland,4600843
2024-01-19,Germany,28976587
2024-01-19,Japan,16759355
2024-01-19,Ukraine,3477344
2024-01-19,United Kingdom,25951051
2024-01-19,United States,25951051
2024-01-20,Egypt,3241652
2024-01-20,Finland,3858542
2024-01-20,Germany,25364356
2024-01-20,Japan,17753988
2024-01-20,Ukraine,3436404
2024-01-20,United Kingdom,24518376
2024-01-20,United States,24518376
2024-01-21,Egypt,3243552
2024-01-21,Finland,3171862
2024-01-21,Germany,20088561
2024-01-21,Japan,18552389
2024-01-21,Ukraine,3138230
2024-01-21,United Kingdom,21756226
2024-01-21,United States,21756226
2024-01-22,Egypt,3152770
2024-01-22,Finland,3541874
2024-01-22,Germany,23492249
2024-01-22,Japan,17674879
2024-01-22,Ukraine,3352254
2024-01-22,United Kingdom,23611618
2024-01-22,United States,23611618
2024-01-23,Egypt,3291559
2024-01-23,Finland,3542371
2024-01-23,Germany,23758189
2024-01-23,Japan,17515005
2024-01-23,Ukraine,3267838
2024-01-23,United Kingdom,24222645
2024-01-23,United States,24222645
2024-01-24,Egypt,3603678
2024-01-24,Finland,3525023
2024-01-24,Germany,23530729
2024-01-24,Japan,17453755
2024-01-24,Ukraine,3389670
2024-01-24,United Kingdom,24310514
2024-01-24,United States,24310514
2024-01-25,Egypt,3625346
2024-01-25,Finland,3566536
2024-01-25,Germany,23972219
2024-01-25,Japan,17751202
2024-01-25,Ukraine,3325238
2024-01-25,United Kingdom,24392689
2024-01-25,United States,24392689
2024-01-26,Egypt,3219752
2024-01-26,Finland,4682950
2024-01-26,Germany,28690060
2024-01-26,Japan,17034256
2024-01-26,Ukraine,3478824
2024-01-26,United Kingdom,25974759
2024-01-26,United States,25974759
2024-01-27,Egypt,3359611
2024-01-27,Finland,3995968
2024-01-27,Germany,26067980
2024-01-27,Japan,18465436
2024-01-27,Ukraine,3433168
2024-01-27,United Kingdom,25086273
2024-01-27,United States,25086273
2024-01-28,Egypt,3164690
2024-01-28,Finland,3179754
2024-01-28,Germany,20845870
2024-01-28,Japan,19008406
2024-01-28,Ukraine,3145560
2024-01-28,United Kingdom,22050501
2024-01-28,United States,22050501
2024-01-29,Egypt,3284649
2024-01-29,Finland,3654768
2024-01-29,Germany,23287476
2024-01-29,Japan,17441390
2024-01-29,Ukraine,3347014
2024-01-29,United Kingdom,23716080
2024-01-29,United States,23716080
2024-01-30,Egypt,3206441
2024-01-30,Finland,3614926
2024-01-30,Germany,23470315
2024-01-30,Japan,17573583
2024-01-30,Ukraine,3334526
2024-01-30,United Kingdom,24463578
2024-01-30,United States,24463578
2024-01-31,Egypt,3178910
2024-01-31,Finland,3530725
2024-01-31,Germany,23651702
2024-01-31,Japan,17405432
2024-01-31,Ukraine,3365788
2024-01-31,United Kingdom,24137057
2024-01-31,United States,24137057
2024-02-01,Egypt,3319222
2024-02-01,Finland,3571836
2024-02-01,Germany,23871011
2024-02-01,Japan,17520574
2024-02-01,Ukraine,3403268
2024-02-01,United Kingdom,24514919
2024-02-01,United States,24514919
2024-02-02,Egypt,3046174
2024-02-02,Finland,4463648
2024-02-02,Germany,27592243
2024-02-02,Japan,16896077
2024-02-02,Ukraine,3555896
2024-02-02,United Kingdom,25896843
2024-02-02,United States,25896843
2024-02-03,Egypt,3132215
2024-02-03,Finland,3953600
2024-02-03,Germany,24938259
2024-02-03,Japan,17931941
2024-02-03,Ukraine,3466970
2024-02-03,United Kingdom,24446292
2024-02-03,United States,24446292
2024-02-04,Egypt,3154705
2024-02-04,Finland,3216319
2024-02-04,Germany,19486752
2024-02-04,Japan,18423206
2024-02-04,Ukraine,3349542
2024-02-04,United Kingdom,21526807
2024-02-04,United States,21526807
2024-02-05,Egypt,3187267
2024-02-05,Finland,3579161
2024-02-05,Germany,22651049
2024-02-05,Japan,16476272
2024-02-05,Ukraine,3556600
2024-02-05,United Kingdom,23534267
2024-02-05,United States,23534267
2024-02-06,Egypt,3255486
2024-02-06,Finland,3524144
2024-02-06,Germany,22722901
2024-02-06,Japan,17097228
2024-02-06,Ukraine,3533344
2024-02-06,United Kingdom,24148724
2024-02-06,United States,24148724
2024-02-07,Egypt,3226926
2024-02-07,Finland,3485482
2024-02-07,Germany,23312250
2024-02-07,Japan,17452732
2024-02-07,Ukraine,3562636
2024-02-07,United Kingdom,24630850
2024-02-07,United States,24630850
2024-02-08,Egypt,3391112
2024-02-08,Finland,3445827
2024-02-08,Germany,26429989
2024-02-08,Japan,17519608
2024-02-08,Ukraine,3628456
2024-02-08,United Kingdom,23780646
2024-02-08,United States,23780646
2024-02-09,Egypt,3158570
2024-02-09,Finland,4266367
2024-02-09,Germany,30525385
2024-02-09,Japan,16994741
2024-02-09,Ukraine,3826380
2024-02-09,United Kingdom,25847814
2024-02-09,United States,25847814
2024-02-10,Egypt,3099251
2024-02-10,Finland,3951751
2024-02-10,Germany,27901365
2024-02-10,Japan,18371568
2024-02-10,Ukraine,3669552
2024-02-10,United Kingdom,24736614
2024-02-10,United States,24736614
2024-02-11,Egypt,2999514
2024-02-11,Finland,3685041
2024-02-11,Germany,23280115
2024-02-11,Japan,17753750
2024-02-11,Ukraine,3368712
2024-02-11,United Kingdom,24172519
2024-02-11,United States,24172519
2024-02-12,Egypt,3031923
2024-02-12,Finland,3939749
2024-02-12,Germany,24646681
2024-02-12,Japan,19003621
2024-02-12,Ukraine,3550716
2024-02-12,United Kingdom,26454727
2024-02-12,United States,26454727
2024-02-13,Egypt,3101091
2024-02-13,Finland,3865247
2024-02-13,Germany,24158801
2024-02-13,Japan,17291902
2024-02-13,Ukraine,3557294
2024-02-13,United Kingdom,25909478
2024-02-13,United States,25909478
2024-02-14,Egypt,3184614
2024-02-14,Finland,3684087
2024-02-14,Germany,24028928
2024-02-14,Japan,17097189
2024-02-14,Ukraine,3595440
2024-02-14,United Kingdom,25693526
2024-02-14,United States,25693526
2024-02-15,Egypt,3308482
2024-02-15,Finland,3681093
2024-02-15,Germany,23953023
2024-02-15,Japan,17086399
2024-02-15,Ukraine,3481664
2024-02-15,United Kingdom,24632496
2024-02-15,United States,24632496
2024-02-16,Egypt,3007908
2024-02-16,Finland,4891239
2024-02-16,Germany,29265913
2024-02-16,Japan,16555710
2024-02-16,Ukraine,3756150
2024-02-16,United Kingdom,26798706
2024-02-16,United States,26798706
2024-02-17,Egypt,3045690
2024-02-17,Finland,4215241
2024-02-17,Germany,26269153
2024-02-17,Japan,17811910
2024-02-17,Ukraine,3622920
2024-02-17,United Kingdom,24191111
2024-02-17,United States,24191111
2024-02-18,Egypt,3034823
2024-02-18,Finland,3588226
2024-02-18,Germany,20711136
2024-02-18,Japan,18673794
2024-02-18,Ukraine,3301530
2024-02-18,United Kingdom,22142481
2024-02-18,United States,22142481
2024-02-19,Egypt,3013414
2024-02-19,Finland,3849857
2024-02-19,Germany,23712050
2024-02-19,Japan,16790109
2024-02-19,Ukraine,3527830
2024-02-19,United Kingdom,24273423
2024-02-19,United States,24273423
2024-02-20,Egypt,3077448
2024-02-20,Finland,3784527
2024-02-20,Germany,23976417
2024-02-20,Japan,17255134
2024-02-20,Ukraine,3410436
2024-02-20,United Kingdom,24703657
2024-02-20,United States,24703657
2024-02-21,Egypt,3109991
2024-02-21,Finland,3705524
2024-02-21,Germany,24002440
2024-02-21,Japan,17003629
2024-02-21,Ukraine,3474760
2024-02-21,United Kingdom,24344043
2024-02-21,United States,24344043
2024-02-22,Egypt,3274964
2024-02-22,Finland,3772758
2024-02-22,Germany,24267253
2024-02-22,Japan,16238989
2024-02-22,Ukraine,3518708
2024-02-22,United Kingdom,24774354
2024-02-22,United States,24774354
2024-02-23,Egypt,2894380
2024-02-23,Finland,4782389
2024-02-23,Germany,30973828
2024-02-23,Japan,17720914
2024-02-23,Ukraine,3638436
2024-02-23,United Kingdom,27040650
2024-02-23,United States,27040650
2024-02-24,Egypt,2833414
2024-02-24,Finland,4353352
2024-02-24,Germany,27467742
2024-02-24,Japan,17929037
2024-02-24,Ukraine,3569236
2024-02-24,United Kingdom,25424392
2024-02-24,United States,25424392
2024-02-25,Egypt,2781752
2024-02-25,Finland,3479919
2024-02-25,Germany,21748652
2024-02-25,Japan,17942476
2024-02-25,Ukraine,3289646
2024-02-25,United Kingdom,22153551
2024-02-25,United States,22153551
2024-02-26,Egypt,2986709
2024-02-26,Finland,3781275
2024-02-26,Germany,24191182
2024-02-26,Japan,17042795
2024-02-26,Ukraine,3506192
2024-02-26,United Kingdom,24237855
2024-02-26,United States,24237855
2024-02-27,Egypt,3027243
2024-02-27,Finland,3746570
2024-02-27,Germany,24539250
2024-02-27,Japan,16941016
2024-02-27,Ukraine,3480176
2024-02-27,United Kingdom,25047401
2024-02-27,United States,25047401
2024-02-28,Egypt,3152125
2024-02-28,Finland,3670187
2024-02-28,Germany,24381290
2024-02-28,Japan,17300110
2024-02-28,Ukraine,3477834
2024-02-28,United Kingdom,24544320
2024-02-28,United States,24544320
2024-02-29,Egypt,3341165
2024-02-29,Finland,3709303
2024-02-29,Germany,24806217
2024-02-29,Japan,16950210
2024-02-29,Ukraine,3528840
2024-02-29,United Kingdom,24811588
2024-02-29,United States,24811588
2024-03-01,Egypt,3077395
2024-03-01,Finland,4465285
2024-03-01,Germany,30990930
2024-03-01,Japan,16525789
2024-03-01,Ukraine,3664500
2024-03-01,United Kingdom,26640385
2024-03-01,United States,26640385
2024-03-02,Egypt,3108776
2024-03-02,Finland,3998589
2024-03-02,Germany,28452699
2024-03-02,Japan,17694168
2024-03-02,Ukraine,3703900
2024-03-02,United Kingdom,25368300
2024-03-02,United States,25368300
2024-03-03,Egypt,3064882
2024-03-03,Finland,3265854
2024-03-03,Germany,22725716
2024-03-03,Japan,18430881
2024-03-03,Ukraine,3397738
2024-03-03,United Kingdom,23149378
2024-03-03,United States,23149378
2024-03-04,Egypt,3115421
2024-03-04,Finland,3661324
2024-03-04,Germany,24832487
2024-03-04,Japan,16987831
2024-03-04,Ukraine,3610740
2024-03-04,United Kingdom,24392260
2024-03-04,United States,24392260
2024-03-05,Egypt,3088415
2024-03-05,Finland,3751004
2024-03-05,Germany,24792794
2024-03-05,Japan,17235870
2024-03-05,Ukraine,3646142
2024-03-05,United Kingdom,25494797
2024-03-05,United States,25494797
2024-03-06,Egypt,3266036
2024-03-06,Finland,3731224
2024-03-06,Germany,24919977
2024-03-06,Japan,17840640
2024-03-06,Ukraine,3637666
2024-03-06,United Kingdom,25461937
2024-03-06,United States,25461937
2024-03-07,Egypt,3547528
2024-03-07,Finland,3721550
2024-03-07,Germany,25016329
2024-03-07,Japan,17733215
2024-03-07,Ukraine,3669584
2024-03-07,United Kingdom,25105637
2024-03-07,United States,25105637
2024-03-08,Egypt,3081497
2024-03-08,Finland,4853584
2024-03-08,Germany,31620344
2024-03-08,Japan,17051782
2024-03-08,Ukraine,3865676
2024-03-08,United Kingdom,29513315
2024-03-08,United States,29513315
2024-03-09,Egypt,3388750
2024-03-09,Finland,4148115
2024-03-09,Germany,28176426
2024-03-09,Japan,18327514
2024-03-09,Ukraine,3754118
2024-03-09,United Kingdom,27124497
2024-03-09,United States,27124497
2024-03-10,Egypt,3278310
2024-03-10,Finland,3466925
2024-03-10,Germany,21765659
2024-03-10,Japan,18834186
2024-03-10,Ukraine,3578194
2024-03-10,United Kingdom,23695292
2024-03-10,United States,23695292
2024-03-11,Egypt,1491936
2024-03-11,Finland,3815680
2024-03-11,Germany,23913368
2024-03-11,Japan,17325440
2024-03-11,Ukraine,3632360
2024-03-11,United Kingdom,25365688
2024-03-11,United States,25365688
2024-03-12,Egypt,1491441
2024-03-12,Finland,3758158
2024-03-12,Germany,23933011
2024-03-12,Japan,17169221
2024-03-12,Ukraine,3613638
2024-03-12,United Kingdom,25703231
2024-03-12,United States,25703231
2024-03-13,Egypt,1612756
2024-03-13,Finland,3668780
2024-03-13,Germany,24182859
2024-03-13,Japan,17746057
2024-03-13,Ukraine,3603768
2024-03-13,United Kingdom,25526483
2024-03-13,United States,25526483
2024-03-14,Egypt,1755378
2024-03-14,Finland,3736455
2024-03-14,Germany,25160649
2024-03-14,Japan,17888926
2024-03-14,Ukraine,3652878
2024-03-14,United Kingdom,25544084
2024-03-14,United States,25544084
2024-03-15,Egypt,1747245
2024-03-15,Finland,4921917
2024-03-15,Germany,29998249
2024-03-15,Japan,17904154
2024-03-15,Ukraine,3882182
2024-03-15,United Kingdom,26756172
2024-03-15,United States,26756172
2024-03-16,Egypt,1772680
2024-03-16,Finland,4380656
2024-03-16,Germany,26904492
2024-03-16,Japan,18952813
2024-03-16,Ukraine,3790556
2024-03-16,United Kingdom,25808917
2024-03-16,United States,25808917
2024-03-17,Egypt,1802689
2024-03-17,Finland,3536295
2024-03-17,Germany,21730970
2024-03-17,Japan,18682308
2024-03-17,Ukraine,3411094
2024-03-17,United Kingdom,22434574
2024-03-17,United States,22434574
2024-03-18,Egypt,1839296
2024-03-18,Finland,3941879
2024-03-18,Germany,23857028
2024-03-18,Japan,17474927
2024-03-18,Ukraine,3547998
2024-03-18,United Kingdom,24161558
2024-03-18,United States,24161558
2024-03-19,Egypt,1887795
2024-03-19,Finland,3855359
2024-03-19,Germany,24594153
2024-03-19,Japan,17031011
2024-03-19,Ukraine,3581010
2024-03-19,United Kingdom,24789390
2024-03-19,United States,24789390
2024-03-20,Egypt,1978759
2024-03-20,Finland,3832557
2024-03-20,Germany,25138199
2024-03-20,Japan,18639771
2024-03-20,Ukraine,3619040
2024-03-20,United Kingdom,24706120
2024-03-20,United States,24706120
2024-03-21,Egypt,2043778
2024-03-21,Finland,3825188
2024-03-21,Germany,24794576
2024-03-21,Japan,17544236
2024-03-21,Ukraine,3626350
2024-03-21,United Kingdom,24760723
2024-03-21,United States,24760723
2024-03-22,Egypt,1933807
2024-03-22,Finland,5203441
2024-03-22,Germany,31320015
2024-03-22,Japan,17478710
2024-03-22,Ukraine,3619046
2024-03-22,United Kingdom,29395136
2024-03-22,United States,29395136
2024-03-23,Egypt,2026605
2024-03-23,Finland,4412445
2024-03-23,Germany,26900263
2024-03-23,Japan,17960075
2024-03-23,Ukraine,3682606
2024-03-23,United Kingdom,26227867
2024-03-23,United States,26227867
2024-03-24,Egypt,2056832
2024-03-24,Finland,3530482
2024-03-24,Germany,22034606
2024-03-24,Japan,18360591
2024-03-24,Ukraine,3407136
2024-03-24,United Kingdom,23916414
2024-03-24,United States,23916414
2024-03-25,Egypt,2083006
2024-03-25,Finland,3975964
2024-03-25,Germany,25678524
2024-03-25,Japan,17839390
2024-03-25,Ukraine,3678564
2024-03-25,United Kingdom,24892052
2024-03-25,United States,24892052
2024-03-26,Egypt,2052977
2024-03-26,Finland,3964066
2024-03-26,Germany,25592889
2024-03-26,Japan,18071546
2024-03-26,Ukraine,3745242
2024-03-26,United Kingdom,25794188
2024-03-26,United States,25794188
2024-03-27,Egypt,2171785
2024-03-27,Finland,4117646
2024-03-27,Germany,26559118
2024-03-27,Japan,19011488
2024-03-27,Ukraine,3795168
2024-03-27,United Kingdom,25992559
2024-03-27,United States,25992559
2024-03-28,Egypt,2284614
2024-03-28,Finland,4642893
2024-03-28,Germany,27926338
2024-03-28,Japan,18334692
2024-03-28,Ukraine,3820596
2024-03-28,United Kingdom,26365869
2024-03-28,United States,26365869
2024-03-29,Egypt,2130772
2024-03-29,Finland,4423636
2024-03-29,Germany,26155852
2024-03-29,Japan,18573515
2024-03-29,Ukraine,3863048
2024-03-29,United Kingdom,30542445
2024-03-29,United States,30542445
2024-03-30,Egypt,2138344
2024-03-30,Finland,3998189
2024-03-30,Germany,26791527
2024-03-30,Japan,19559228
2024-03-30,Ukraine,3909408
2024-03-30,United Kingdom,27458164
2024-03-30,United States,27458164
2024-03-31,Egypt,2113041
2024-03-31,Finland,3467483
2024-03-31,Germany,21965932
2024-03-31,Japan,19813383
2024-03-31,Ukraine,3494004
2024-03-31,United Kingdom,23200520
2024-03-31,United States,23200520
2024-04-01,Egypt,2156880
2024-04-01,Finland,3473172
2024-04-01,Germany,21158683
2024-04-01,Japan,18413109
2024-04-01,Ukraine,3675822
2024-04-01,United Kingdom,23692636
2024-04-01,United States,23692636
2024-04-02,Egypt,2200196
2024-04-02,Finland,3601846
2024-04-02,Germany,24744774
2024-04-02,Japan,18577332
2024-04-02,Ukraine,3688004
2024-04-02,United Kingdom,25799054
2024-04-02,United States,25799054
2024-04-03,Egypt,2224708
2024-04-03,Finland,3619483
2024-04-03,Germany,24410395
2024-04-03,Japan,18397621
2024-04-03,Ukraine,3682066
2024-04-03,United Kingdom,25275773
2024-04-03,United States,25275773
2024-04-04,Egypt,2356395
2024-04-04,Finland,3767436
2024-04-04,Germany,24988716
2024-04-04,Japan,19095307
2024-04-04,Ukraine,3683770
2024-04-04,United Kingdom,25498576
2024-04-04,United States,25498576
2024-04-05,Egypt,2173139
2024-04-05,Finland,4656540
2024-04-05,Germany,30830219
2024-04-05,Japan,18458764
2024-04-05,Ukraine,3950002
2024-04-05,United Kingdom,27911870
2024-04-05,United States,27911870
2024-04-06,Egypt,2314202
2024-04-06,Finland,4174260
2024-04-06,Germany,29793055
2024-04-06,Japan,19512144
2024-04-06,Ukraine,3946632
2024-04-06,United Kingdom,25388969
2024-04-06,United States,25388969
2024-04-07,Egypt,2508501
2024-04-07,Finland,3273596
2024-04-07,Germany,22908069
2024-04-07,Japan,20375396
2024-04-07,Ukraine,3611444
2024-04-07,United Kingdom,22332262
2024-04-07,United States,22332262
2024-04-08,Egypt,2805409
2024-04-08,Finland,3902548
2024-04-08,Germany,26447931
2024-04-08,Japan,18300642
2024-04-08,Ukraine,3816460
2024-04-08,United Kingdom,24643624
2024-04-08,United States,24643624
2024-04-09,Egypt,3325413
2024-04-09,Finland,3908086
2024-04-09,Germany,25395247
2024-04-09,Japan,18225518
2024-04-09,Ukraine,3805940
2024-04-09,United Kingdom,24874601
2024-04-09,United States,24874601
2024-04-10,Egypt,3423936
2024-04-10,Finland,3791773
2024-04-10,Germany,25970098
2024-04-10,Japan,18598853
2024-04-10,Ukraine,3791200
2024-04-10,United Kingdom,24874346
2024-04-10,United States,24874346
2024-04-11,Egypt,3521237
2024-04-11,Finland,3913077
2024-04-11,Germany,26391219
2024-04-11,Japan,18575520
2024-04-11,Ukraine,3760496
2024-04-11,United Kingdom,25363667
2024-04-11,United States,25363667
2024-04-12,Egypt,3325643
2024-04-12,Finland,5355654
2024-04-12,Germany,35331752
2024-04-12,Japan,18036751
2024-04-12,Ukraine,4024716
2024-04-12,United Kingdom,28362770
2024-04-12,United States,28362770
2024-04-13,Egypt,3248779
2024-04-13,Finland,4433850
2024-04-13,Germany,31445933
2024-04-13,Japan,19946614
2024-04-13,Ukraine,3980890
2024-04-13,United Kingdom,25675576
2024-04-13,United States,25675576
2024-04-14,Egypt,3150607
2024-04-14,Finland,3495769
2024-04-14,Germany,23907591
2024-04-14,Japan,20728547
2024-04-14,Ukraine,3607036
2024-04-14,United Kingdom,22970888
2024-04-14,United States,22970888
2024-04-15,Egypt,2996020
2024-04-15,Finland,4005167
2024-04-15,Germany,26514705
2024-04-15,Japan,18213931
2024-04-15,Ukraine,3735954
2024-04-15,United Kingdom,24589515
2024-04-15,United States,24589515
2024-04-16,Egypt,3105873
2024-04-16,Finland,3919115
2024-04-16,Germany,26248772
2024-04-16,Japan,17952695
2024-04-16,Ukraine,3719944
2024-04-16,United Kingdom,26212719
2024-04-16,United States,26212719
2024-04-17,Egypt,3101372
2024-04-17,Finland,3863364
2024-04-17,Germany,26238299
2024-04-17,Japan,18153902
2024-04-17,Ukraine,3699720
2024-04-17,United Kingdom,25752861
2024-04-17,United States,25752861
2024-04-18,Egypt,3389930
2024-04-18,Finland,3989740
2024-04-18,Germany,26774995
2024-04-18,Japan,18290547
2024-04-18,Ukraine,3832592
2024-04-18,United Kingdom,26159680
2024-04-18,United States,26159680
2024-04-19,Egypt,3145932
2024-04-19,Finland,6210018
2024-04-19,Germany,37903080
2024-04-19,Japan,17897138
2024-04-19,Ukraine,3998276
2024-04-19,United Kingdom,46359683
2024-04-19,United States,46359683
2024-04-20,Egypt,3140082
2024-04-20,Finland,4839132
2024-04-20,Germany,32307776
2024-04-20,Japan,19483613
2024-04-20,Ukraine,4041924
2024-04-20,United Kingdom,36893743
2024-04-20,United States,36893743
2024-04-21,Egypt,3108446
2024-04-21,Finland,3946537
2024-04-21,Germany,25565994
2024-04-21,Japan,20035779
2024-04-21,Ukraine,3646616
2024-04-21,United Kingdom,31113200
2024-04-21,United States,31113200
2024-04-22,Egypt,3172526
2024-04-22,Finland,4139864
2024-04-22,Germany,28270350
2024-04-22,Japan,18241080
2024-04-22,Ukraine,3754628
2024-04-22,United Kingdom,32863894
2024-04-22,United States,32863894
2024-04-23,Egypt,3243335
2024-04-23,Finland,3982412
2024-04-23,Germany,28823542
2024-04-23,Japan,18283728
2024-04-23,Ukraine,3908440
2024-04-23,United Kingdom,33603318
2024-04-23,United States,33603318
2024-04-24,Egypt,3369836
2024-04-24,Finland,4072737
2024-04-24,Germany,27826349
2024-04-24,Japan,18476977
2024-04-24,Ukraine,3887690
2024-04-24,United Kingdom,32653162
2024-04-24,United States,32653162
2024-04-25,Egypt,3479280
2024-04-25,Finland,4103807
2024-04-25,Germany,28308631
2024-04-25,Japan,18936563
2024-04-25,Ukraine,4104754
2024-04-25,United Kingdom,31731620
2024-04-25,United States,31731620
2024-04-26,Egypt,3076041
2024-04-26,Finland,5453091
2024-04-26,Germany,36422297
2024-04-26,Japan,18352949
2024-04-26,Ukraine,4215768
2024-04-26,United Kingdom,33341304
2024-04-26,United States,33341304
2024-04-27,Egypt,3214177
2024-04-27,Finland,4724973
2024-04-27,Germany,32526963
2024-04-27,Japan,19892131
2024-04-27,Ukraine,4276406
2024-04-27,United Kingdom,30220093
2024-04-27,United States,30220093
2024-04-28,Egypt,3170377
2024-04-28,Finland,3760525
2024-04-28,Germany,25579931
2024-04-28,Japan,19939092
2024-04-28,Ukraine,3771444
2024-04-28,United Kingdom,26873229
2024-04-28,United States,26873229
2024-04-29,Egypt,3197352
2024-04-29,Finland,4266092
2024-04-29,Germany,30040209
2024-04-29,Japan,20201304
2024-04-29,Ukraine,4076492
2024-04-29,United Kingdom,29530241
2024-04-29,United States,29530241
2024-04-30,Egypt,3221283
2024-04-30,Finland,5568335
2024-04-30,Germany,33757865
2024-04-30,Japan,18561428
2024-04-30,Ukraine,4120510
2024-04-30,United Kingdom,30609881
2024-04-30,United States,30609881
2024-05-01,Egypt,3316216
2024-05-01,Finland,3781723
2024-05-01,Germany,27699309
2024-05-01,Japan,18433201
2024-05-01,Ukraine,4033242
2024-05-01,United Kingdom,30484461
2024-05-01,United States,30484461
2024-05-02,Egypt,3438601
2024-05-02,Finland,4072251
2024-05-02,Germany,29302228
2024-05-02,Japan,19020404
2024-05-02,Ukraine,4175054
2024-05-02,United Kingdom,30605361
2024-05-02,United States,30605361
2024-05-03,Egypt,3140986
2024-05-03,Finland,5211691
2024-05-03,Germany,34191385
2024-05-03,Japan,20105000
2024-05-03,Ukraine,4248800
2024-05-03,United Kingdom,31187818
2024-05-03,United States,31187818
2024-05-04,Egypt,3330067
2024-05-04,Finland,4573396
2024-05-04,Germany,31274473
2024-05-04,Japan,19900235
2024-05-04,Ukraine,4118548
2024-05-04,United Kingdom,30076785
2024-05-04,United States,30076785
2024-05-05,Egypt,3388516
2024-05-05,Finland,3606281
2024-05-05,Germany,25121706
2024-05-05,Japan,19470986
2024-05-05,Ukraine,3603850
2024-05-05,United Kingdom,28176183
2024-05-05,United States,28176183
2024-05-06,Egypt,3267843
2024-05-06,Finland,3958990
2024-05-06,Germany,28954030
2024-05-06,Japan,19668935
2024-05-06,Ukraine,3805804
2024-05-06,United Kingdom,27908904
2024-05-06,United States,27908904
2024-05-07,Egypt,3078682
2024-05-07,Finland,3907818
2024-05-07,Germany,28974161
2024-05-07,Japan,17879031
2024-05-07,Ukraine,3948626
2024-05-07,United Kingdom,30436423
2024-05-07,United States,30436423
2024-05-08,Egypt,3086978
2024-05-08,Finland,4371196
2024-05-08,Germany,32531376
2024-05-08,Japan,18268897
2024-05-08,Ukraine,4023720
2024-05-08,United Kingdom,30330240
2024-05-08,United States,30330240
2024-05-09,Egypt,3387070
2024-05-09,Finland,3938093
2024-05-09,Germany,29584642
2024-05-09,Japan,18730219
2024-05-09,Ukraine,4142818
2024-05-09,United Kingdom,31128607
2024-05-09,United States,31128607
2024-05-10,Egypt,3033493
2024-05-10,Finland,4816913
2024-05-10,Germany,34095767
2024-05-10,Japan,18249662
2024-05-10,Ukraine,4402380
2024-05-10,United Kingdom,35175107
2024-05-10,United States,35175107
2024-05-11,Egypt,3164815
2024-05-11,Finland,4544240
2024-05-11,Germany,32103773
2024-05-11,Japan,19717171
2024-05-11,Ukraine,4275374
2024-05-11,United Kingdom,33701932
2024-05-11,United States,33701932
2024-05-12,Egypt,3231027
2024-05-12,Finland,4116173
2024-05-12,Germany,28570755
2024-05-12,Japan,20079777
2024-05-12,Ukraine,4131392
2024-05-12,United Kingdom,28820286
2024-05-12,United States,28820286
2024-05-13,Egypt,3364021
2024-05-13,Finland,4405384
2024-05-13,Germany,30602904
2024-05-13,Japan,18560769
2024-05-13,Ukraine,4397140
2024-05-13,United Kingdom,29267367
2024-05-13,United States,29267367
2024-05-14,Egypt,3393139
2024-05-14,Finland,4363867
2024-05-14,Germany,30945885
2024-05-14,Japan,19212560
2024-05-14,Ukraine,4206684
2024-05-14,United Kingdom,29714242
2024-05-14,United States,29714242
2024-05-15,Egypt,3534643
2024-05-15,Finland,4323067
2024-05-15,Germany,30548297
2024-05-15,Japan,19429790
2024-05-15,Ukraine,4145402
2024-05-15,United Kingdom,30303357
2024-05-15,United States,30303357
2024-05-16,Egypt,3739531
2024-05-16,Finland,4272466
2024-05-16,Germany,30330672
2024-05-16,Japan,19632766
2024-05-16,Ukraine,4060490
2024-05-16,United Kingdom,29616266
2024-05-16,United States,29616266
2024-05-17,Egypt,3331338
2024-05-17,Finland,5680392
2024-05-17,Germany,38079503
2024-05-17,Japan,18856259
2024-05-17,Ukraine,4559540
2024-05-17,United Kingdom,36469455
2024-05-17,United States,36469455
2024-05-18,Egypt,3338199
2024-05-18,Finland,4753387
2024-05-18,Germany,32613627
2024-05-18,Japan,20241715
2024-05-18,Ukraine,4303890
2024-05-18,United Kingdom,33083201
2024-05-18,United States,33083201
2024-05-19,Egypt,3341989
2024-05-19,Finland,3975609
2024-05-19,Germany,27246951
2024-05-19,Japan,20638762
2024-05-19,Ukraine,3876116
2024-05-19,United Kingdom,30548061
2024-05-19,United States,30548061
2024-05-20,Egypt,3395086
2024-05-20,Finland,4221544
2024-05-20,Germany,26644655
2024-05-20,Japan,19372441
2024-05-20,Ukraine,4006056
2024-05-20,United Kingdom,30886626
2024-05-20,United States,30886626
2024-05-21,Egypt,3418185
2024-05-21,Finland,4217612
2024-05-21,Germany,28751373
2024-05-21,Japan,19201667
2024-05-21,Ukraine,3977870
2024-05-21,United Kingdom,30477351
2024-05-21,United States,30477351
2024-05-22,Egypt,3533341
2024-05-22,Finland,4325505
2024-05-22,Germany,28823376
2024-05-22,Japan,19254605
2024-05-22,Ukraine,4019026
2024-05-22,United Kingdom,29817149
2024-05-22,United States,29817149
2024-05-23,Egypt,3777222
2024-05-23,Finland,4397736
2024-05-23,Germany,30331681
2024-05-23,Japan,19073035
2024-05-23,Ukraine,3946904
2024-05-23,United Kingdom,30509363
2024-05-23,United States,30509363
2024-05-24,Egypt,3381117
2024-05-24,Finland,5404933
2024-05-24,Germany,37463469
2024-05-24,Japan,18284451
2024-05-24,Ukraine,4089942
2024-05-24,United Kingdom,33616154
2024-05-24,United States,33616154
2024-05-25,Egypt,3357435
2024-05-25,Finland,4585076
2024-05-25,Germany,33190059
2024-05-25,Japan,19438361
2024-05-25,Ukraine,4070604
2024-05-25,United Kingdom,30551598
2024-05-25,United States,30551598
2024-05-26,Egypt,3521039
2024-05-26,Finland,3821245
2024-05-26,Germany,27670794
2024-05-26,Japan,20569782
2024-05-26,Ukraine,3706264
2024-05-26,United Kingdom,26554109
2024-05-26,United States,26554109
2024-05-27,Egypt,3469333
2024-05-27,Finland,4230766
2024-05-27,Germany,30328180
2024-05-27,Japan,18956948
2024-05-27,Ukraine,3884260
2024-05-27,United Kingdom,27756911
2024-05-27,United States,27756911
2024-05-28,Egypt,3521309
2024-05-28,Finland,4236496
2024-05-28,Germany,31312715
2024-05-28,Japan,19096645
2024-05-28,Ukraine,3988250
2024-05-28,United Kingdom,29400501
2024-05-28,United States,29400501
2024-05-29,Egypt,3571478
2024-05-29,Finland,4184595
2024-05-29,Germany,32809735
2024-05-29,Japan,19690304
2024-05-29,Ukraine,4006372
2024-05-29,United Kingdom,30123154
2024-05-29,United States,30123154
2024-05-30,Egypt,3712855
2024-05-30,Finland,4206257
2024-05-30,Germany,29483642
2024-05-30,Japan,19220137
2024-05-30,Ukraine,3991322
2024-05-30,United Kingdom,29554796
2024-05-30,United States,29554796
2024-05-31,Egypt,3249973
2024-05-31,Finland,5801629
2024-05-31,Germany,35385513
2024-05-31,Japan,18730954
2024-05-31,Ukraine,4122892
2024-05-31,United Kingdom,32191216
2024-05-31,United States,32191216
2024-06-01,Egypt,3344120
2024-06-01,Finland,5328153
2024-06-01,Germany,31300549
2024-06-01,Japan,20366995
2024-06-01,Ukraine,3880140
2024-06-01,United Kingdom,30404351
2024-06-01,United States,30404351
2024-06-02,Egypt,3482926
2024-06-02,Finland,4002825
2024-06-02,Germany,25875686
2024-06-02,Japan,20834549
2024-06-02,Ukraine,3561448
2024-06-02,United Kingdom,28864934
2024-06-02,United States,28864934
2024-06-03,Egypt,3512091
2024-06-03,Finland,4775158
2024-06-03,Germany,30040899
2024-06-03,Japan,19049958
2024-06-03,Ukraine,3824274
2024-06-03,United Kingdom,28815203
2024-06-03,United States,28815203
2024-06-04,Egypt,3450370
2024-06-04,Finland,4696444
2024-06-04,Germany,31069804
2024-06-04,Japan,19167591
2024-06-04,Ukraine,3647088
2024-06-04,United Kingdom,29442322
2024-06-04,United States,29442322
2024-06-05,Egypt,3581175
2024-06-05,Finland,4740740
2024-06-05,Germany,30724842
2024-06-05,Japan,19312622
2024-06-05,Ukraine,3647062
2024-06-05,United Kingdom,30122072
2024-06-05,United States,30122072
2024-06-06,Egypt,3593874
2024-06-06,Finland,4623673
2024-06-06,Germany,32188191
2024-06-06,Japan,19158473
2024-06-06,Ukraine,3717756
2024-06-06,United Kingdom,30232208
2024-06-06,United States,30232208
2024-06-07,Egypt,3139046
2024-06-07,Finland,5905655
2024-06-07,Germany,40152882
2024-06-07,Japan,18542379
2024-06-07,Ukraine,3867748
2024-06-07,United Kingdom,32911706
2024-06-07,United States,32911706
2024-06-08,Egypt,3346068
2024-06-08,Finland,4966937
2024-06-08,Germany,35470068
2024-06-08,Japan,19615829
2024-06-08,Ukraine,3961760
2024-06-08,United Kingdom,31643887
2024-06-08,United States,31643887
2024-06-09,Egypt,3456316
2024-06-09,Finland,3928545
2024-06-09,Germany,27814876
2024-06-09,Japan,20073256
2024-06-09,Ukraine,3643936
2024-06-09,United Kingdom,27466876
2024-06-09,United States,27466876
2024-06-10,Egypt,3496484
2024-06-10,Finland,4407712
2024-06-10,Germany,31192090
2024-06-10,Japan,18823454
2024-06-10,Ukraine,3865628
2024-06-10,United Kingdom,29687669
2024-06-10,United States,29687669
2024-06-11,Egypt,3617449
2024-06-11,Finland,4444862
2024-06-11,Germany,31457841
2024-06-11,Japan,18825907
2024-06-11,Ukraine,3839526
2024-06-11,United Kingdom,30433418
2024-06-11,United States,30433418
2024-06-12,Egypt,3731060
2024-06-12,Finland,4415565
2024-06-12,Germany,31479931
2024-06-12,Japan,18980749
2024-06-12,Ukraine,3839282
2024-06-12,United Kingdom,30302685
2024-06-12,United States,30302685
2024-06-13,Egypt,3964001
2024-06-13,Finland,4478558
2024-06-13,Germany,32202520
2024-06-13,Japan,18795175
2024-06-13,Ukraine,3863506
2024-06-13,United Kingdom,29530271
2024-06-13,United States,29530271
2024-06-14,Egypt,3609706
2024-06-14,Finland,5738481
2024-06-14,Germany,40130016
2024-06-14,Japan,18330598
2024-06-14,Ukraine,3929554
2024-06-14,United Kingdom,30996899
2024-06-14,United States,30996899
2024-06-15,Egypt,2841108
2024-06-15,Finland,4896468
2024-06-15,Germany,32587725
2024-06-15,Japan,19702180
2024-06-15,Ukraine,3784720
2024-06-15,United Kingdom,29076362
2024-06-15,United States,29076362
2024-06-16,Egypt,3486554
2024-06-16,Finland,3931262
2024-06-16,Germany,26087819
2024-06-16,Japan,20469656
2024-06-16,Ukraine,3479756
2024-06-16,United Kingdom,26380172
2024-06-16,United States,26380172
2024-06-17,Egypt,3663552
2024-06-17,Finland,4494696
2024-06-17,Germany,30412559
2024-06-17,Japan,18568868
2024-06-17,Ukraine,3704958
2024-06-17,United Kingdom,28198900
2024-06-17,United States,28198900
2024-06-18,Egypt,3588933
2024-06-18,Finland,4495454
2024-06-18,Germany,30065336
2024-06-18,Japan,18627759
2024-06-18,Ukraine,3664336
2024-06-18,United Kingdom,28588799
2024-06-18,United States,28588799
2024-06-19,Egypt,3585647
2024-06-19,Finland,4606684
2024-06-19,Germany,29319715
2024-06-19,Japan,19077799
2024-06-19,Ukraine,3528446
2024-06-19,United Kingdom,28636665
2024-06-19,United States,28636665
2024-06-20,Egypt,3598774
2024-06-20,Finland,5464894
2024-06-20,Germany,30012517
2024-06-20,Japan,18790336
2024-06-20,Ukraine,3517870
2024-06-20,United Kingdom,28376692
2024-06-20,United States,28376692
2024-06-21,Egypt,3289011
2024-06-21,Finland,6432005
2024-06-21,Germany,34894643
2024-06-21,Japan,18275844
2024-06-21,Ukraine,3810650
2024-06-21,United Kingdom,31219058
2024-06-21,United States,31219058
2024-06-22,Egypt,3436167
2024-06-22,Finland,4678272
2024-06-22,Germany,31108497
2024-06-22,Japan,19512595
2024-06-22,Ukraine,3716852
2024-06-22,United Kingdom,30213736
2024-06-22,United States,30213736
2024-06-23,Egypt,3421073
2024-06-23,Finland,3876480
2024-06-23,Germany,26341437
2024-06-23,Japan,20072609
2024-06-23,Ukraine,3285006
2024-06-23,United Kingdom,27420322
2024-06-23,United States,27420322
2024-06-24,Egypt,3415287
2024-06-24,Finland,4204290
2024-06-24,Germany,29805712
2024-06-24,Japan,18914738
2024-06-24,Ukraine,3400346
2024-06-24,United Kingdom,28315023
2024-06-24,United States,28315023
2024-06-25,Egypt,3452798
2024-06-25,Finland,4213592
2024-06-25,Germany,29724266
2024-06-25,Japan,18956721
2024-06-25,Ukraine,3402844
2024-06-25,United Kingdom,28341703
2024-06-25,United States,28341703
2024-06-26,Egypt,3622636
2024-06-26,Finland,4218020
2024-06-26,Germany,29710920
2024-06-26,Japan,19312950
2024-06-26,Ukraine,3479030
2024-06-26,United Kingdom,29164106
2024-06-26,United States,29164106
2024-06-27,Egypt,3778889
2024-06-27,Finland,4315495
2024-06-27,Germany,29678312
2024-06-27,Japan,19358577
2024-06-27,Ukraine,3527154
2024-06-27,United Kingdom,28775821
2024-06-27,United States,28775821
2024-06-28,Egypt,3353048
2024-06-28,Finland,4950850
2024-06-28,Germany,35460309
2024-06-28,Japan,18194059
2024-06-28,Ukraine,3805402
2024-06-28,United Kingdom,29951147
2024-06-28,United States,29951147
2024-06-29,Egypt,3569719
2024-06-29,Finland,4155759
2024-06-29,Germany,31247085
2024-06-29,Japan,20234610
2024-06-29,Ukraine,3527022
2024-06-29,United Kingdom,29301091
2024-06-29,United States,29301091
2024-06-30,Egypt,3574377
2024-06-30,Finland,3491332
2024-06-30,Germany,22823663
2024-06-30,Japan,20699640
2024-06-30,Ukraine,3165386
2024-06-30,United Kingdom,24186781
2024-06-30,United States,24186781
2024-07-01,Egypt,3582483
2024-07-01,Finland,3895807
2024-07-01,Germany,27166295
2024-07-01,Japan,18993347
2024-07-01,Ukraine,3296690
2024-07-01,United Kingdom,26262719
2024-07-01,United States,26262719
2024-07-02,Egypt,3629937
2024-07-02,Finland,4109334
2024-07-02,Germany,27107246
2024-07-02,Japan,19359794
2024-07-02,Ukraine,3350728
2024-07-02,United Kingdom,27201191
2024-07-02,United States,27201191
2024-07-03,Egypt,3690415
2024-07-03,Finland,4009099
2024-07-03,Germany,27353712
2024-07-03,Japan,19348931
2024-07-03,Ukraine,3322488
2024-07-03,United Kingdom,26723138
2024-07-03,United States,26723138
2024-07-04,Egypt,3813594
2024-07-04,Finland,4062098
2024-07-04,Germany,28157818
2024-07-04,Japan,19305338
2024-07-04,Ukraine,3369914
2024-07-04,United Kingdom,27183148
2024-07-04,United States,27183148
2024-07-05,Egypt,3306054
2024-07-05,Finland,4723999
2024-07-05,Germany,30257695
2024-07-05,Japan,18660062
2024-07-05,Ukraine,3518636
2024-07-05,United Kingdom,27156962
2024-07-05,United States,27156962
2024-07-06,Egypt,3514970
2024-07-06,Finland,4137439
2024-07-06,Germany,27536682
2024-07-06,Japan,19525056
2024-07-06,Ukraine,3598774
2024-07-06,United Kingdom,25822952
2024-07-06,United States,25822952
2024-07-07,Egypt,3622499
2024-07-07,Finland,3527777
2024-07-07,Germany,23723488
2024-07-07,Japan,20555400
2024-07-07,Ukraine,3300108
2024-07-07,United Kingdom,23667558
2024-07-07,United States,23667558
2024-07-08,Egypt,3683994
2024-07-08,Finland,4180453
2024-07-08,Germany,27096848
2024-07-08,Japan,18830627
2024-07-08,Ukraine,3227752
2024-07-08,United Kingdom,25929591
2024-07-08,United States,25929591
2024-07-09,Egypt,3780187
2024-07-09,Finland,4024698
2024-07-09,Germany,26991907
2024-07-09,Japan,18702482
2024-07-09,Ukraine,3244214
2024-07-09,United Kingdom,25260860
2024-07-09,United States,25260860
2024-07-10,Egypt,3767979
2024-07-10,Finland,4177909
2024-07-10,Germany,25856788
2024-07-10,Japan,18795768
2024-07-10,Ukraine,3196070
2024-07-10,United Kingdom,25838788
2024-07-10,United States,25838788
2024-07-11,Egypt,3786469
2024-07-11,Finland,4049833
2024-07-11,Germany,27420196
2024-07-11,Japan,18981926
2024-07-11,Ukraine,3110806
2024-07-11,United Kingdom,26655639
2024-07-11,United States,26655639
2024-07-12,Egypt,3385552
2024-07-12,Finland,5153189
2024-07-12,Germany,32512043
2024-07-12,Japan,18645252
2024-07-12,Ukraine,3173590
2024-07-12,United Kingdom,32971727
2024-07-12,United States,32971727
2024-07-13,Egypt,3659702
2024-07-13,Finland,4514442
2024-07-13,Germany,29431099
2024-07-13,Japan,19556505
2024-07-13,Ukraine,3201362
2024-07-13,United Kingdom,29641734
2024-07-13,United States,29641734
2024-07-14,Egypt,3630269
2024-07-14,Finland,3505592
2024-07-14,Germany,23959846
2024-07-14,Japan,18816252
2024-07-14,Ukraine,2920664
2024-07-14,United Kingdom,27032343
2024-07-14,United States,27032343
2024-07-15,Egypt,3644839
2024-07-15,Finland,4126616
2024-07-15,Germany,27067067
2024-07-15,Japan,20240144
2024-07-15,Ukraine,3040364
2024-07-15,United Kingdom,25804648
2024-07-15,United States,25804648
2024-07-16,Egypt,3575835
2024-07-16,Finland,4118046
2024-07-16,Germany,26247069
2024-07-16,Japan,18599447
2024-07-16,Ukraine,2942794
2024-07-16,United Kingdom,26857739
2024-07-16,United States,26857739
2024-07-17,Egypt,3879224
2024-07-17,Finland,3942354
2024-07-17,Germany,26645831
2024-07-17,Japan,18824510
2024-07-17,Ukraine,2999788
2024-07-17,United Kingdom,27422411
2024-07-17,United States,27422411
2024-07-18,Egypt,4110470
2024-07-18,Finland,4015556
2024-07-18,Germany,27547283
2024-07-18,Japan,19014530
2024-07-18,Ukraine,3143260
2024-07-18,United Kingdom,27703591
2024-07-18,United States,27703591
2024-07-19,Egypt,3715515
2024-07-19,Finland,4546247
2024-07-19,Germany,32998424
2024-07-19,Japan,18801930
2024-07-19,Ukraine,3681644
2024-07-19,United Kingdom,30414253
2024-07-19,United States,30414253
2024-07-20,Egypt,3863388
2024-07-20,Finland,4089465
2024-07-20,Germany,30450678
2024-07-20,Japan,19317675
2024-07-20,Ukraine,3540916
2024-07-20,United Kingdom,27281912
2024-07-20,United States,27281912
2024-07-21,Egypt,3914411
2024-07-21,Finland,3477030
2024-07-21,Germany,23726437
2024-07-21,Japan,19778826
2024-07-21,Ukraine,3233170
2024-07-21,United Kingdom,24749690
2024-07-21,United States,24749690
2024-07-22,Egypt,3859128
2024-07-22,Finland,3955807
2024-07-22,Germany,26921692
2024-07-22,Japan,19199805
2024-07-22,Ukraine,3398920
2024-07-22,United Kingdom,26232341
2024-07-22,United States,26232341
2024-07-23,Egypt,3954491
2024-07-23,Finland,3839280
2024-07-23,Germany,26125129
2024-07-23,Japan,19196104
2024-07-23,Ukraine,3441384
2024-07-23,United Kingdom,26951097
2024-07-23,United States,26951097
2024-07-24,Egypt,4120533
2024-07-24,Finland,3819378
2024-07-24,Germany,26643455
2024-07-24,Japan,19187431
2024-07-24,Ukraine,3611352
2024-07-24,United Kingdom,26569504
2024-07-24,United States,26569504
2024-07-25,Egypt,4320213
2024-07-25,Finland,3935635
2024-07-25,Germany,27007867
2024-07-25,Japan,19404421
2024-07-25,Ukraine,3688770
2024-07-25,United Kingdom,26616026
2024-07-25,United States,26616026
2024-07-26,Egypt,3967122
2024-07-26,Finland,4523724
2024-07-26,Germany,30502883
2024-07-26,Japan,19248230
2024-07-26,Ukraine,3681274
2024-07-26,United Kingdom,29056137
2024-07-26,United States,29056137
2024-07-27,Egypt,4205403
2024-07-27,Finland,4112581
2024-07-27,Germany,27295475
2024-07-27,Japan,18841403
2024-07-27,Ukraine,3659340
2024-07-27,United Kingdom,26967879
2024-07-27,United States,26967879
2024-07-28,Egypt,4270306
2024-07-28,Finland,3619052
2024-07-28,Germany,23062674
2024-07-28,Japan,19274839
2024-07-28,Ukraine,3329400
2024-07-28,United Kingdom,24831287
2024-07-28,United States,24831287
2024-07-29,Egypt,4259783
2024-07-29,Finland,3917160
2024-07-29,Germany,26184059
2024-07-29,Japan,18989329
2024-07-29,Ukraine,3621230
2024-07-29,United Kingdom,26272530
2024-07-29,United States,26272530
2024-07-30,Egypt,4328541
2024-07-30,Finland,3995624
2024-07-30,Germany,25786906
2024-07-30,Japan,18947653
2024-07-30,Ukraine,3605980
2024-07-30,United Kingdom,26528969
2024-07-30,United States,26528969
2024-07-31,Egypt,4402932
2024-07-31,Finland,3900667
2024-07-31,Germany,25362521
2024-07-31,Japan,18795358
2024-07-31,Ukraine,3572992
2024-07-31,United Kingdom,26554078
2024-07-31,United States,26554078
2024-08-01,Egypt,4566927
2024-08-01,Finland,3753242
2024-08-01,Germany,25191726
2024-08-01,Japan,18976353
2024-08-01,Ukraine,3611268
2024-08-01,United Kingdom,26488480
2024-08-01,United States,26488480
2024-08-02,Egypt,4134431
2024-08-02,Finland,4194404
2024-08-02,Germany,30022202
2024-08-02,Japan,18639636
2024-08-02,Ukraine,3769760
2024-08-02,United Kingdom,28725426
2024-08-02,United States,28725426
2024-08-03,Egypt,4361372
2024-08-03,Finland,3685201
2024-08-03,Germany,27439966
2024-08-03,Japan,18678903
2024-08-03,Ukraine,3589662
2024-08-03,United Kingdom,26808775
2024-08-03,United States,26808775
2024-08-04,Egypt,4403240
2024-08-04,Finland,3109605
2024-08-04,Germany,21949276
2024-08-04,Japan,18831794
2024-08-04,Ukraine,3376784
2024-08-04,United Kingdom,22938339
2024-08-04,United States,22938339
2024-08-05,Egypt,4270404
2024-08-05,Finland,3524670
2024-08-05,Germany,25158617
2024-08-05,Japan,18213413
2024-08-05,Ukraine,3656868
2024-08-05,United Kingdom,25242085
2024-08-05,United States,25242085
2024-08-06,Egypt,4479728
2024-08-06,Finland,3559368
2024-08-06,Germany,25507977
2024-08-06,Japan,18421986
2024-08-06,Ukraine,3605578
2024-08-06,United Kingdom,25740694
2024-08-06,United States,25740694
2024-08-07,Egypt,4617404
2024-08-07,Finland,3522866
2024-08-07,Germany,24912319
2024-08-07,Japan,18498987
2024-08-07,Ukraine,3643364
2024-08-07,United Kingdom,25298140
2024-08-07,United States,25298140
2024-08-08,Egypt,4739450
2024-08-08,Finland,3584113
2024-08-08,Germany,25596393
2024-08-08,Japan,19061963
2024-08-08,Ukraine,3717072
2024-08-08,United Kingdom,26064068
2024-08-08,United States,26064068
2024-08-09,Egypt,4293326
2024-08-09,Finland,4148868
2024-08-09,Germany,29229411
2024-08-09,Japan,19023198
2024-08-09,Ukraine,3789738
2024-08-09,United Kingdom,27987640
2024-08-09,United States,27987640
2024-08-10,Egypt,4429302
2024-08-10,Finland,3511131
2024-08-10,Germany,27679642
2024-08-10,Japan,19296405
2024-08-10,Ukraine,3687636
2024-08-10,United Kingdom,25975151
2024-08-10,United States,25975151
2024-08-11,Egypt,4484990
2024-08-11,Finland,2979951
2024-08-11,Germany,22888216
2024-08-11,Japan,18780052
2024-08-11,Ukraine,3388974
2024-08-11,United Kingdom,24907020
2024-08-11,United States,24907020
2024-08-12,Egypt,4523062
2024-08-12,Finland,3379811
2024-08-12,Germany,25215387
2024-08-12,Japan,18931122
2024-08-12,Ukraine,3654614
2024-08-12,United Kingdom,25827456
2024-08-12,United States,25827456
2024-08-13,Egypt,4514946
2024-08-13,Finland,3446939
2024-08-13,Germany,24321072
2024-08-13,Japan,18490282
2024-08-13,Ukraine,3645092
2024-08-13,United Kingdom,26255422
2024-08-13,United States,26255422
2024-08-14,Egypt,4491667
2024-08-14,Finland,3431354
2024-08-14,Germany,24550389
2024-08-14,Japan,18401078
2024-08-14,Ukraine,3621946
2024-08-14,United Kingdom,26164391
2024-08-14,United States,26164391
2024-08-15,Egypt,4870113
2024-08-15,Finland,3503848
2024-08-15,Germany,25128887
2024-08-15,Japan,18349592
2024-08-15,Ukraine,3549676
2024-08-15,United Kingdom,26117288
2024-08-15,United States,26117288
2024-08-16,Egypt,4335930
2024-08-16,Finland,4378834
2024-08-16,Germany,31277004
2024-08-16,Japan,17232477
2024-08-16,Ukraine,3717176
2024-08-16,United Kingdom,28944658
2024-08-16,United States,28944658
2024-08-17,Egypt,4338185
2024-08-17,Finland,3858008
2024-08-17,Germany,27515787
2024-08-17,Japan,18273405
2024-08-17,Ukraine,3566272
2024-08-17,United Kingdom,26284453
2024-08-17,United States,26284453
2024-08-18,Egypt,4402311
2024-08-18,Finland,3204427
2024-08-18,Germany,22373530
2024-08-18,Japan,18568600
2024-08-18,Ukraine,3243924
2024-08-18,United Kingdom,23387860
2024-08-18,United States,23387860
2024-08-19,Egypt,4432637
2024-08-19,Finland,3609360
2024-08-19,Germany,25499278
2024-08-19,Japan,18004210
2024-08-19,Ukraine,3446040
2024-08-19,United Kingdom,25295600
2024-08-19,United States,25295600
2024-08-20,Egypt,4429266
2024-08-20,Finland,3608906
2024-08-20,Germany,25218185
2024-08-20,Japan,18818143
2024-08-20,Ukraine,3453428
2024-08-20,United Kingdom,25925307
2024-08-20,United States,25925307
2024-08-21,Egypt,4450673
2024-08-21,Finland,3617879
2024-08-21,Germany,25080093
2024-08-21,Japan,18824465
2024-08-21,Ukraine,3480750
2024-08-21,United Kingdom,25762257
2024-08-21,United States,25762257
2024-08-22,Egypt,4711290
2024-08-22,Finland,3676485
2024-08-22,Germany,25782559
2024-08-22,Japan,19063774
2024-08-22,Ukraine,3701048
2024-08-22,United Kingdom,26036317
2024-08-22,United States,26036317
2024-08-23,Egypt,4273910
2024-08-23,Finland,4800784
2024-08-23,Germany,29975944
2024-08-23,Japan,18905072
2024-08-23,Ukraine,3811398
2024-08-23,United Kingdom,31135312
2024-08-23,United States,31135312
2024-08-24,Egypt,4356968
2024-08-24,Finland,4227846
2024-08-24,Germany,26960441
2024-08-24,Japan,19074782
2024-08-24,Ukraine,3660030
2024-08-24,United Kingdom,26730667
2024-08-24,United States,26730667
2024-08-25,Egypt,4474356
2024-08-25,Finland,3358480
2024-08-25,Germany,21379078
2024-08-25,Japan,19428007
2024-08-25,Ukraine,3396068
2024-08-25,United Kingdom,24393369
2024-08-25,United States,24393369
2024-08-26,Egypt,4412814
2024-08-26,Finland,3776862
2024-08-26,Germany,24507533
2024-08-26,Japan,18522430
2024-08-26,Ukraine,3090048
2024-08-26,United Kingdom,25870190
2024-08-26,United States,25870190
2024-08-27,Egypt,4274194
2024-08-27,Finland,3669148
2024-08-27,Germany,24364980
2024-08-27,Japan,18065451
2024-08-27,Ukraine,3204952
2024-08-27,United Kingdom,30014245
2024-08-27,United States,30014245
2024-08-28,Egypt,4389733
2024-08-28,Finland,3613230
2024-08-28,Germany,24423375
2024-08-28,Japan,18189581
2024-08-28,Ukraine,3351040
2024-08-28,United Kingdom,29406810
2024-08-28,United States,29406810
2024-08-29,Egypt,4503764
2024-08-29,Finland,3681742
2024-08-29,Germany,24626960
2024-08-29,Japan,16951476
2024-08-29,Ukraine,3324034
2024-08-29,United Kingdom,29659038
2024-08-29,United States,29659038
2024-08-30,Egypt,4033387
2024-08-30,Finland,4819339
2024-08-30,Germany,29180334
2024-08-30,Japan,16601758
2024-08-30,Ukraine,3629682
2024-08-30,United Kingdom,30968875
2024-08-30,United States,30968875
2024-08-31,Egypt,4045434
2024-08-31,Finland,4041811
2024-08-31,Germany,26410396
2024-08-31,Japan,17541271
2024-08-31,Ukraine,3645584
2024-08-31,United Kingdom,29275735
2024-08-31,United States,29275735
2024-09-01,Egypt,4156497
2024-09-01,Finland,3354697
2024-09-01,Germany,21712739
2024-09-01,Japan,18662148
2024-09-01,Ukraine,3277888
2024-09-01,United Kingdom,24698824
2024-09-01,United States,24698824
2024-09-02,Egypt,4209233
2024-09-02,Finland,3803991
2024-09-02,Germany,23678603
2024-09-02,Japan,17619419
2024-09-02,Ukraine,3324006
2024-09-02,United Kingdom,26708377
2024-09-02,United States,26708377
2024-09-03,Egypt,4235230
2024-09-03,Finland,3720627
2024-09-03,Germany,23785301
2024-09-03,Japan,17605266
2024-09-03,Ukraine,3297544
2024-09-03,United Kingdom,26980258
2024-09-03,United States,26980258
2024-09-04,Egypt,4286354
2024-09-04,Finland,3739366
2024-09-04,Germany,23980531
2024-09-04,Japan,17877738
2024-09-04,Ukraine,3333926
2024-09-04,United Kingdom,26450882
2024-09-04,United States,26450882
2024-09-05,Egypt,4383061
2024-09-05,Finland,3841252
2024-09-05,Germany,25458049
2024-09-05,Japan,17656438
2024-09-05,Ukraine,3591710
2024-09-05,United Kingdom,25813523
2024-09-05,United States,25813523
2024-09-06,Egypt,3913172
2024-09-06,Finland,4763159
2024-09-06,Germany,31540516
2024-09-06,Japan,17159774
2024-09-06,Ukraine,3888376
2024-09-06,United Kingdom,28560209
2024-09-06,United States,28560209
2024-09-07,Egypt,4063303
2024-09-07,Finland,3991675
2024-09-07,Germany,28428426
2024-09-07,Japan,18687903
2024-09-07,Ukraine,3986044
2024-09-07,United Kingdom,26953859
2024-09-07,United States,26953859
2024-09-08,Egypt,4081483
2024-09-08,Finland,3275060
2024-09-08,Germany,23225434
2024-09-08,Japan,19256166
2024-09-08,Ukraine,3689914
2024-09-08,United Kingdom,24012132
2024-09-08,United States,24012132
2024-09-09,Egypt,4115275
2024-09-09,Finland,3701858
2024-09-09,Germany,25496840
2024-09-09,Japan,17628689
2024-09-09,Ukraine,3759266
2024-09-09,United Kingdom,25602504
2024-09-09,United States,25602504
2024-09-10,Egypt,4084876
2024-09-10,Finland,3598877
2024-09-10,Germany,25445113
2024-09-10,Japan,17616053
2024-09-10,Ukraine,3769310
2024-09-10,United Kingdom,25713031
2024-09-10,United States,25713031
2024-09-11,Egypt,4128377
2024-09-11,Finland,3548471
2024-09-11,Germany,25012238
2024-09-11,Japan,17823582
2024-09-11,Ukraine,3764358
2024-09-11,United Kingdom,25287874
2024-09-11,United States,25287874
2024-09-12,Egypt,4359670
2024-09-12,Finland,3662406
2024-09-12,Germany,25682019
2024-09-12,Japan,17946488
2024-09-12,Ukraine,3792776
2024-09-12,United Kingdom,26195294
2024-09-12,United States,26195294
2024-09-13,Egypt,4018757
2024-09-13,Finland,4625486
2024-09-13,Germany,30963419
2024-09-13,Japan,17574465
2024-09-13,Ukraine,4273628
2024-09-13,United Kingdom,28391728
2024-09-13,United States,28391728
2024-09-14,Egypt,4045705
2024-09-14,Finland,3840515
2024-09-14,Germany,27703812
2024-09-14,Japan,18932646
2024-09-14,Ukraine,4045708
2024-09-14,United Kingdom,27009828
2024-09-14,United States,27009828
2024-09-15,Egypt,3978085
2024-09-15,Finland,3204518
2024-09-15,Germany,22875754
2024-09-15,Japan,18418056
2024-09-15,Ukraine,3733092
2024-09-15,United Kingdom,23643376
2024-09-15,United States,23643376
2024-09-16,Egypt,4128807
2024-09-16,Finland,3566145
2024-09-16,Germany,25548917
2024-09-16,Japan,19659424
2024-09-16,Ukraine,3835810
2024-09-16,United Kingdom,25811663
2024-09-16,United States,25811663
2024-09-17,Egypt,4117902
2024-09-17,Finland,3517632
2024-09-17,Germany,25592531
2024-09-17,Japan,17902294
2024-09-17,Ukraine,3861204
2024-09-17,United Kingdom,26248917
2024-09-17,United States,26248917
2024-09-18,Egypt,4202999
2024-09-18,Finland,3532369
2024-09-18,Germany,25570741
2024-09-18,Japan,18062789
2024-09-18,Ukraine,3819540
2024-09-18,United Kingdom,25869573
2024-09-18,United States,25869573
2024-09-19,Egypt,4270445
2024-09-19,Finland,3618236
2024-09-19,Germany,26022796
2024-09-19,Japan,18142318
2024-09-19,Ukraine,3821606
2024-09-19,United Kingdom,26202567
2024-09-19,United States,26202567
2024-09-20,Egypt,3804652
2024-09-20,Finland,4665231
2024-09-20,Germany,33427209
2024-09-20,Japan,17724319
2024-09-20,Ukraine,3973248
2024-09-20,United Kingdom,27894444
2024-09-20,United States,27894444
2024-09-21,Egypt,3791180
2024-09-21,Finland,3910334
2024-09-21,Germany,28887517
2024-09-21,Japan,18999277
2024-09-21,Ukraine,3901386
2024-09-21,United Kingdom,26308674
2024-09-21,United States,26308674
2024-09-22,Egypt,3751982
2024-09-22,Finland,3204650
2024-09-22,Germany,23189074
2024-09-22,Japan,18987165
2024-09-22,Ukraine,3669128
2024-09-22,United Kingdom,22985749
2024-09-22,United States,22985749
2024-09-23,Egypt,3729815
2024-09-23,Finland,3555154
2024-09-23,Germany,25542799
2024-09-23,Japan,21074673
2024-09-23,Ukraine,3672920
2024-09-23,United Kingdom,24970334
2024-09-23,United States,24970334
2024-09-24,Egypt,3717602
2024-09-24,Finland,3545246
2024-09-24,Germany,25745600
2024-09-24,Japan,18605438
2024-09-24,Ukraine,3670144
2024-09-24,United Kingdom,25836410
2024-09-24,United States,25836410
2024-09-25,Egypt,3822818
2024-09-25,Finland,3533170
2024-09-25,Germany,26611566
2024-09-25,Japan,18573475
2024-09-25,Ukraine,3659200
2024-09-25,United Kingdom,25808643
2024-09-25,United States,25808643
2024-09-26,Egypt,4229162
2024-09-26,Finland,3592726
2024-09-26,Germany,26513168
2024-09-26,Japan,18439093
2024-09-26,Ukraine,3756760
2024-09-26,United Kingdom,26196003
2024-09-26,United States,26196003
2024-09-27,Egypt,3619391
2024-09-27,Finland,4697996
2024-09-27,Germany,32185575
2024-09-27,Japan,16995846
2024-09-27,Ukraine,3955766
2024-09-27,United Kingdom,28276210
2024-09-27,United States,28276210
2024-09-28,Egypt,3844143
2024-09-28,Finland,3976123
2024-09-28,Germany,27936860
2024-09-28,Japan,18732480
2024-09-28,Ukraine,3866236
2024-09-28,United Kingdom,26459838
2024-09-28,United States,26459838
2024-09-29,Egypt,3727313
2024-09-29,Finland,3199285
2024-09-29,Germany,22147388
2024-09-29,Japan,19519464
2024-09-29,Ukraine,3504510
2024-09-29,United Kingdom,22922282
2024-09-29,United States,22922282
2024-09-30,Egypt,3872270
2024-09-30,Finland,3699015
2024-09-30,Germany,25468393
2024-09-30,Japan,18074289
2024-09-30,Ukraine,3683720
2024-09-30,United Kingdom,24938182
2024-09-30,United States,24938182
2024-10-01,Egypt,3892547
2024-10-01,Finland,3630613
2024-10-01,Germany,25155442
2024-10-01,Japan,17974710
2024-10-01,Ukraine,3599468
2024-10-01,United Kingdom,25229227
2024-10-01,United States,25229227
2024-10-02,Egypt,3958457
2024-10-02,Finland,3586466
2024-10-02,Germany,27596625
2024-10-02,Japan,18003276
2024-10-02,Ukraine,3593410
2024-10-02,United Kingdom,25431210
2024-10-02,United States,25431210
2024-10-03,Egypt,4341784
2024-10-03,Finland,3654821
2024-10-03,Germany,23100606
2024-10-03,Japan,17886245
2024-10-03,Ukraine,3641008
2024-10-03,United Kingdom,25755839
2024-10-03,United States,25755839
2024-10-04,Egypt,4067339
2024-10-04,Finland,4593940
2024-10-04,Germany,28252330
2024-10-04,Japan,17535413
2024-10-04,Ukraine,3938744
2024-10-04,United Kingdom,27750888
2024-10-04,United States,27750888
2024-10-05,Egypt,4222277
2024-10-05,Finland,3838194
2024-10-05,Germany,25542090
2024-10-05,Japan,18755881
2024-10-05,Ukraine,3821064
2024-10-05,United Kingdom,26339204
2024-10-05,United States,26339204
2024-10-06,Egypt,4149320
2024-10-06,Finland,3090860
2024-10-06,Germany,20971251
2024-10-06,Japan,19538725
2024-10-06,Ukraine,3502082
2024-10-06,United Kingdom,23068032
2024-10-06,United States,23068032
2024-10-07,Egypt,4075443
2024-10-07,Finland,3569953
2024-10-07,Germany,23798577
2024-10-07,Japan,17895208
2024-10-07,Ukraine,3661600
2024-10-07,United Kingdom,25116003
2024-10-07,United States,25116003
2024-10-08,Egypt,4167083
2024-10-08,Finland,3537617
2024-10-08,Germany,23703748
2024-10-08,Japan,17910780
2024-10-08,Ukraine,3667572
2024-10-08,United Kingdom,25334772
2024-10-08,United States,25334772
2024-10-09,Egypt,4244185
2024-10-09,Finland,3418529
2024-10-09,Germany,23605483
2024-10-09,Japan,18395724
2024-10-09,Ukraine,3672580
2024-10-09,United Kingdom,25281309
2024-10-09,United States,25281309
2024-10-10,Egypt,4552900
2024-10-10,Finland,3465293
2024-10-10,Germany,23753319
2024-10-10,Japan,18405030
2024-10-10,Ukraine,3627368
2024-10-10,United Kingdom,25047446
2024-10-10,United States,25047446
2024-10-11,Egypt,4093966
2024-10-11,Finland,4483402
2024-10-11,Germany,30092963
2024-10-11,Japan,17978886
2024-10-11,Ukraine,3888474
2024-10-11,United Kingdom,27762101
2024-10-11,United States,27762101
2024-10-12,Egypt,4240155
2024-10-12,Finland,3796313
2024-10-12,Germany,26072922
2024-10-12,Japan,19067753
2024-10-12,Ukraine,3744432
2024-10-12,United Kingdom,25344971
2024-10-12,United States,25344971
2024-10-13,Egypt,4125756
2024-10-13,Finland,3039215
2024-10-13,Germany,20617544
2024-10-13,Japan,18807558
2024-10-13,Ukraine,3387348
2024-10-13,United Kingdom,22448048
2024-10-13,United States,22448048
2024-10-14,Egypt,4121188
2024-10-14,Finland,3427320
2024-10-14,Germany,23551567
2024-10-14,Japan,20021463
2024-10-14,Ukraine,3512946
2024-10-14,United Kingdom,24199779
2024-10-14,United States,24199779
2024-10-15,Egypt,4120459
2024-10-15,Finland,3402162
2024-10-15,Germany,23436647
2024-10-15,Japan,17915731
2024-10-15,Ukraine,3498560
2024-10-15,United Kingdom,24598343
2024-10-15,United States,24598343
2024-10-16,Egypt,4194247
2024-10-16,Finland,3388804
2024-10-16,Germany,23311374
2024-10-16,Japan,18193213
2024-10-16,Ukraine,3477782
2024-10-16,United Kingdom,24373936
2024-10-16,United States,24373936
2024-10-17,Egypt,4543112
2024-10-17,Finland,3410107
2024-10-17,Germany,23588532
2024-10-17,Japan,17990495
2024-10-17,Ukraine,3455046
2024-10-17,United Kingdom,25939068
2024-10-17,United States,25939068
2024-10-18,Egypt,4076148
2024-10-18,Finland,4148198
2024-10-18,Germany,28532984
2024-10-18,Japan,17292440
2024-10-18,Ukraine,3684172
2024-10-18,United Kingdom,27273810
2024-10-18,United States,27273810
2024-10-19,Egypt,4190309
2024-10-19,Finland,3559629
2024-10-19,Germany,25024653
2024-10-19,Japan,18422412
2024-10-19,Ukraine,3603586
2024-10-19,United Kingdom,25724403
2024-10-19,United States,25724403
2024-10-20,Egypt,3927650
2024-10-20,Finland,2972230
2024-10-20,Germany,20210998
2024-10-20,Japan,19895400
2024-10-20,Ukraine,3295780
2024-10-20,United Kingdom,22360915
2024-10-20,United States,22360915
2024-10-21,Egypt,4105953
2024-10-21,Finland,3338610
2024-10-21,Germany,22825110
2024-10-21,Japan,18576228
2024-10-21,Ukraine,3420866
2024-10-21,United Kingdom,24826174
2024-10-21,United States,24826174
2024-10-22,Egypt,4130331
2024-10-22,Finland,3347341
2024-10-22,Germany,22663535
2024-10-22,Japan,18328324
2024-10-22,Ukraine,3387576
2024-10-22,United Kingdom,25003850
2024-10-22,United States,25003850
2024-10-23,Egypt,4111166
2024-10-23,Finland,3342181
2024-10-23,Germany,22751064
2024-10-23,Japan,18423213
2024-10-23,Ukraine,3407152
2024-10-23,United Kingdom,24792775
2024-10-23,United States,24792775
2024-10-24,Egypt,4098699
2024-10-24,Finland,3375851
2024-10-24,Germany,23544840
2024-10-24,Japan,18261271
2024-10-24,Ukraine,3465256
2024-10-24,United Kingdom,25163614
2024-10-24,United States,25163614
2024-10-25,Egypt,4018804
2024-10-25,Finland,4327000
2024-10-25,Germany,30585033
2024-10-25,Japan,18115046
2024-10-25,Ukraine,3663532
2024-10-25,United Kingdom,27059517
2024-10-25,United States,27059517
2024-10-26,Egypt,4053134
2024-10-26,Finland,3632808
2024-10-26,Germany,25864839
2024-10-26,Japan,18918757
2024-10-26,Ukraine,3493522
2024-10-26,United Kingdom,25542375
2024-10-26,United States,25542375
2024-10-27,Egypt,4017660
2024-10-27,Finland,2919905
2024-10-27,Germany,20780199
2024-10-27,Japan,19468935
2024-10-27,Ukraine,3266318
2024-10-27,United Kingdom,22128268
2024-10-27,United States,22128268
2024-10-28,Egypt,4062164
2024-10-28,Finland,3459169
2024-10-28,Germany,24573477
2024-10-28,Japan,18587334
2024-10-28,Ukraine,3538624
2024-10-28,United Kingdom,28697529
2024-10-28,United States,28697529
2024-10-29,Egypt,3954065
2024-10-29,Finland,3348554
2024-10-29,Germany,24089076
2024-10-29,Japan,18042967
2024-10-29,Ukraine,3472050
2024-10-29,United Kingdom,27169342
2024-10-29,United States,27169342
2024-10-30,Egypt,4210161
2024-10-30,Finland,3266641
2024-10-30,Germany,24793858
2024-10-30,Japan,18283464
2024-10-30,Ukraine,3439594
2024-10-30,United Kingdom,26339813
2024-10-30,United States,26339813
2024-10-31,Egypt,4679937
2024-10-31,Finland,3429282
2024-10-31,Germany,27828476
2024-10-31,Japan,18081939
2024-10-31,Ukraine,3457178
2024-10-31,United Kingdom,28675144
2024-10-31,United States,28675144
2024-11-01,Egypt,4389811
2024-11-01,Finland,5378281
2024-11-01,Germany,23488382
2024-11-01,Japan,17364589
2024-11-01,Ukraine,3620372
2024-11-01,United Kingdom,26053314
2024-11-01,United States,26053314
2024-11-02,Egypt,4397135
2024-11-02,Finland,4249195
2024-11-02,Germany,23523593
2024-11-02,Japan,18617834
2024-11-02,Ukraine,3422756
2024-11-02,United Kingdom,24245578
2024-11-02,United States,24245578
2024-11-03,Egypt,4356330
2024-11-03,Finland,3459385
2024-11-03,Germany,19830846
2024-11-03,Japan,19212374
2024-11-03,Ukraine,3184768
2024-11-03,United Kingdom,21909043
2024-11-03,United States,21909043
2024-11-04,Egypt,4448334
2024-11-04,Finland,3896671
2024-11-04,Germany,22274773
2024-11-04,Japan,20197559
2024-11-04,Ukraine,3261468
2024-11-04,United Kingdom,24129586
2024-11-04,United States,24129586
2024-11-05,Egypt,4442859
2024-11-05,Finland,3761398
2024-11-05,Germany,22094814
2024-11-05,Japan,18130147
2024-11-05,Ukraine,3330306
2024-11-05,United Kingdom,24214964
2024-11-05,United States,24214964
2024-11-06,Egypt,4544427
2024-11-06,Finland,3701034
2024-11-06,Germany,21855818
2024-11-06,Japan,18365082
2024-11-06,Ukraine,3341586
2024-11-06,United Kingdom,23780794
2024-11-06,United States,23780794
2024-11-07,Egypt,4818261
2024-11-07,Finland,3704395
2024-11-07,Germany,22509620
2024-11-07,Japan,18417212
2024-11-07,Ukraine,3408926
2024-11-07,United Kingdom,24294780
2024-11-07,United States,24294780
2024-11-08,Egypt,4456928
2024-11-08,Finland,4672724
2024-11-08,Germany,28671781
2024-11-08,Japan,17794479
2024-11-08,Ukraine,3615676
2024-11-08,United Kingdom,25614484
2024-11-08,United States,25614484
2024-11-09,Egypt,4483613
2024-11-09,Finland,3932548
2024-11-09,Germany,25929714
2024-11-09,Japan,19178137
2024-11-09,Ukraine,3553246
2024-11-09,United Kingdom,24728539
2024-11-09,United States,24728539
2024-11-10,Egypt,4364009
2024-11-10,Finland,3263135
2024-11-10,Germany,22008317
2024-11-10,Japan,19732944
2024-11-10,Ukraine,3351580
2024-11-10,United Kingdom,22505991
2024-11-10,United States,22505991
2024-11-11,Egypt,4435014
2024-11-11,Finland,3606222
2024-11-11,Germany,23321455
2024-11-11,Japan,18304522
2024-11-11,Ukraine,3449702
2024-11-11,United Kingdom,24253059
2024-11-11,United States,24253059
2024-11-12,Egypt,4496997
2024-11-12,Finland,3532210
2024-11-12,Germany,23269808
2024-11-12,Japan,18390528
2024-11-12,Ukraine,3399654
2024-11-12,United Kingdom,24542840
2024-11-12,United States,24542840
2024-11-13,Egypt,4582882
2024-11-13,Finland,3512108
2024-11-13,Germany,23582510
2024-11-13,Japan,18642926
2024-11-13,Ukraine,3444392
2024-11-13,United Kingdom,24790879
2024-11-13,United States,24790879
2024-11-14,Egypt,4931099
2024-11-14,Finland,3623430
2024-11-14,Germany,24672749
2024-11-14,Japan,18543655
2024-11-14,Ukraine,3458326
2024-11-14,United Kingdom,24993400
2024-11-14,United States,24993400
2024-11-15,Egypt,4529503
2024-11-15,Finland,4973382
2024-11-15,Germany,33928152
2024-11-15,Japan,17990257
2024-11-15,Ukraine,3727960
2024-11-15,United Kingdom,27428977
2024-11-15,United States,27428977
2024-11-16,Egypt,4658604
2024-11-16,Finland,3871579
2024-11-16,Germany,28819236
2024-11-16,Japan,19425225
2024-11-16,Ukraine,3577606
2024-11-16,United Kingdom,25768883
2024-11-16,United States,25768883
2024-11-17,Egypt,4563018
2024-11-17,Finland,3202748
2024-11-17,Germany,23653716
2024-11-17,Japan,20109583
2024-11-17,Ukraine,3210592
2024-11-17,United Kingdom,23828956
2024-11-17,United States,23828956
2024-11-18,Egypt,4552213
2024-11-18,Finland,3606579
2024-11-18,Germany,25289993
2024-11-18,Japan,18603685
2024-11-18,Ukraine,3238564
2024-11-18,United Kingdom,24614089
2024-11-18,United States,24614089
2024-11-19,Egypt,4593463
2024-11-19,Finland,3516418
2024-11-19,Germany,25159815
2024-11-19,Japan,18539406
2024-11-19,Ukraine,3307208
2024-11-19,United Kingdom,25426266
2024-11-19,United States,25426266
2024-11-20,Egypt,4746574
2024-11-20,Finland,3399305
2024-11-20,Germany,25735888
2024-11-20,Japan,18571940
2024-11-20,Ukraine,3393902
2024-11-20,United Kingdom,25494227
2024-11-20,United States,25494227
2024-11-21,Egypt,5089798
2024-11-21,Finland,3450419
2024-11-21,Germany,26246955
2024-11-21,Japan,18878063
2024-11-21,Ukraine,3411170
2024-11-21,United Kingdom,25736329
2024-11-21,United States,25736329
2024-11-22,Egypt,4581419
2024-11-22,Finland,4583683
2024-11-22,Germany,31630908
2024-11-22,Japan,17911929
2024-11-22,Ukraine,3697416
2024-11-22,United Kingdom,28417141
2024-11-22,United States,28417141
2024-11-23,Egypt,4532658
2024-11-23,Finland,3864061
2024-11-23,Germany,30692743
2024-11-23,Japan,19633997
2024-11-23,Ukraine,3656104
2024-11-23,United Kingdom,29944204
2024-11-23,United States,29944204
2024-11-24,Egypt,4395860
2024-11-24,Finland,3133398
2024-11-24,Germany,26075471
2024-11-24,Japan,20499015
2024-11-24,Ukraine,3485682
2024-11-24,United Kingdom,27451514
2024-11-24,United States,27451514
2024-11-25,Egypt,4167934
2024-11-25,Finland,3453475
2024-11-25,Germany,26570496
2024-11-25,Japan,18762794
2024-11-25,Ukraine,3675818
2024-11-25,United Kingdom,28007842
2024-11-25,United States,28007842
2024-11-26,Egypt,4043304
2024-11-26,Finland,3456045
2024-11-26,Germany,26298176
2024-11-26,Japan,18461842
2024-11-26,Ukraine,3622390
2024-11-26,United Kingdom,27895887
2024-11-26,United States,27895887
2024-11-27,Egypt,4101906
2024-11-27,Finland,3415089
2024-11-27,Germany,26494038
2024-11-27,Japan,18929168
2024-11-27,Ukraine,3648462
2024-11-27,United Kingdom,27690652
2024-11-27,United States,27690652
2024-11-28,Egypt,4536046
2024-11-28,Finland,3445612
2024-11-28,Germany,27766653
2024-11-28,Japan,19180940
2024-11-28,Ukraine,3372324
2024-11-28,United Kingdom,28836352
2024-11-28,United States,28836352
2024-11-29,Egypt,4284134
2024-11-29,Finland,4396391
2024-11-29,Germany,34264296
2024-11-29,Japan,18393986
2024-11-29,Ukraine,3738290
2024-11-29,United Kingdom,31086728
2024-11-29,United States,31086728
2024-11-30,Egypt,4506664
2024-11-30,Finland,3762548
2024-11-30,Germany,35726531
2024-11-30,Japan,19672329
2024-11-30,Ukraine,3711814
2024-11-30,United Kingdom,33595038
2024-11-30,United States,33595038
2024-12-01,Egypt,4280499
2024-12-01,Finland,3212029
2024-12-01,Germany,40304214
2024-12-01,Japan,20452576
2024-12-01,Ukraine,3484946
2024-12-01,United Kingdom,38188281
2024-12-01,United States,38188281
2024-12-02,Egypt,4330184
2024-12-02,Finland,3488066
2024-12-02,Germany,28912313
2024-12-02,Japan,18608744
2024-12-02,Ukraine,3570454
2024-12-02,United Kingdom,31363547
2024-12-02,United States,31363547
2024-12-03,Egypt,4338204
2024-12-03,Finland,3446329
2024-12-03,Germany,28410971
2024-12-03,Japan,18478522
2024-12-03,Ukraine,3509906
2024-12-03,United Kingdom,31047290
2024-12-03,United States,31047290
2024-12-04,Egypt,4387376
2024-12-04,Finland,3633345
2024-12-04,Germany,29626195
2024-12-04,Japan,18447602
2024-12-04,Ukraine,3576702
2024-12-04,United Kingdom,31614135
2024-12-04,United States,31614135
2024-12-05,Egypt,4812328
2024-12-05,Finland,4159324
2024-12-05,Germany,31139677
2024-12-05,Japan,19062709
2024-12-05,Ukraine,3711180
2024-12-05,United Kingdom,32341751
2024-12-05,United States,32341751
2024-12-06,Egypt,4435013
2024-12-06,Finland,3842677
2024-12-06,Germany,39149523
2024-12-06,Japan,18107582
2024-12-06,Ukraine,3901666
2024-12-06,United Kingdom,35033250
2024-12-06,United States,35033250
2024-12-07,Egypt,4500102
2024-12-07,Finland,3773921
2024-12-07,Germany,39178590
2024-12-07,Japan,19656019
2024-12-07,Ukraine,3894098
2024-12-07,United Kingdom,37567748
2024-12-07,United States,37567748
2024-12-08,Egypt,4417866
2024-12-08,Finland,3171402
2024-12-08,Germany,36554192
2024-12-08,Japan,20247547
2024-12-08,Ukraine,3604668
2024-12-08,United Kingdom,34823824
2024-12-08,United States,34823824
2024-12-09,Egypt,4461936
2024-12-09,Finland,3476149
2024-12-09,Germany,28427646
2024-12-09,Japan,18507948
2024-12-09,Ukraine,3708398
2024-12-09,United Kingdom,30511537
2024-12-09,United States,30511537
2024-12-10,Egypt,4445423
2024-12-10,Finland,3435576
2024-12-10,Germany,28501164
2024-12-10,Japan,18520472
2024-12-10,Ukraine,3669726
2024-12-10,United Kingdom,30906354
2024-12-10,United States,30906354
2024-12-11,Egypt,4534361
2024-12-11,Finland,3471520
2024-12-11,Germany,28852964
2024-12-11,Japan,18720744
2024-12-11,Ukraine,3684566
2024-12-11,United Kingdom,31616937
2024-12-11,United States,31616937
2024-12-12,Egypt,4850219
2024-12-12,Finland,3501771
2024-12-12,Germany,29613356
2024-12-12,Japan,18757418
2024-12-12,Ukraine,3717832
2024-12-12,United Kingdom,32580099
2024-12-12,United States,32580099
2024-12-13,Egypt,4341517
2024-12-13,Finland,4315690
2024-12-13,Germany,35594344
2024-12-13,Japan,17987946
2024-12-13,Ukraine,3913326
2024-12-13,United Kingdom,35782821
2024-12-13,United States,35782821
2024-12-14,Egypt,4197929
2024-12-14,Finland,3935455
2024-12-14,Germany,38815709
2024-12-14,Japan,19179864
2024-12-14,Ukraine,3802890
2024-12-14,United Kingdom,38584469
2024-12-14,United States,38584469
2024-12-15,Egypt,4287237
2024-12-15,Finland,3188072
2024-12-15,Germany,37329400
2024-12-15,Japan,19896898
2024-12-15,Ukraine,3540806
2024-12-15,United Kingdom,34250094
2024-12-15,United States,34250094
2024-12-16,Egypt,4388424
2024-12-16,Finland,3418428
2024-12-16,Germany,28548080
2024-12-16,Japan,18338366
2024-12-16,Ukraine,3683170
2024-12-16,United Kingdom,31264451
2024-12-16,United States,31264451
2024-12-17,Egypt,4470819
2024-12-17,Finland,3421458
2024-12-17,Germany,29176588
2024-12-17,Japan,18604903
2024-12-17,Ukraine,3721850
2024-12-17,United Kingdom,32525267
2024-12-17,United States,32525267
2024-12-18,Egypt,4501151
2024-12-18,Finland,3450664
2024-12-18,Germany,30058027
2024-12-18,Japan,18547537
2024-12-18,Ukraine,3713616
2024-12-18,United Kingdom,33549205
2024-12-18,United States,33549205
2024-12-19,Egypt,4752213
2024-12-19,Finland,3694128
2024-12-19,Germany,32221492
2024-12-19,Japan,18647591
2024-12-19,Ukraine,3733488
2024-12-19,United Kingdom,35918915
2024-12-19,United States,35918915
2024-12-20,Egypt,4328234
2024-12-20,Finland,4396215
2024-12-20,Germany,40617677
2024-12-20,Japan,18184183
2024-12-20,Ukraine,3908470
2024-12-20,United Kingdom,42048330
2024-12-20,United States,42048330
2024-12-21,Egypt,4405329
2024-12-21,Finland,4576385
2024-12-21,Germany,41329828
2024-12-21,Japan,19588501
2024-12-21,Ukraine,3844926
2024-12-21,United Kingdom,43390445
2024-12-21,United States,43390445
2024-12-22,Egypt,4277917
2024-12-22,Finland,4410829
2024-12-22,Germany,43961302
2024-12-22,Japan,19775268
2024-12-22,Ukraine,3566352
2024-12-22,United Kingdom,40565500
2024-12-22,United States,40565500
2024-12-23,Egypt,4337209
2024-12-23,Finland,5384951
2024-12-23,Germany,46225430
2024-12-23,Japan,19131380
2024-12-23,Ukraine,3864504
2024-12-23,United Kingdom,47120600
2024-12-23,United States,47120600
2024-12-24,Egypt,4364024
2024-12-24,Finland,7135341
2024-12-24,Germany,126579797
2024-12-24,Japan,21139526
2024-12-24,Ukraine,3777616
2024-12-24,United Kingdom,71090225
2024-12-24,United States,71090225
2024-12-25,Egypt,4388626
2024-12-25,Finland,3229884
2024-12-25,Germany,46555065
2024-12-25,Japan,20216859
2024-12-25,Ukraine,3322680
2024-12-25,United Kingdom,107364892
2024-12-25,United States,107364892
2024-12-26,Egypt,4449513
2024-12-26,Finland,2673440
2024-12-26,Germany,31574707
2024-12-26,Japan,19322500
2024-12-26,Ukraine,3544560
2024-12-26,United Kingdom,26113343
2024-12-26,United States,26113343
2024-12-27,Egypt,3953446
2024-12-27,Finland,2966090
2024-12-27,Germany,22608616
2024-12-27,Japan,18893306
2024-12-27,Ukraine,3686088
2024-12-27,United Kingdom,22133663
2024-12-27,United States,22133663
2024-12-28,Egypt,4133158
2024-12-28,Finland,2856205
2024-12-28,Germany,21590639
2024-12-28,Japan,19618371
2024-12-28,Ukraine,3590042
2024-12-28,United Kingdom,21596405
2024-12-28,United States,21596405
2024-12-29,Egypt,4129662
2024-12-29,Finland,2598383
2024-12-29,Germany,18683944
2024-12-29,Japan,20217525
2024-12-29,Ukraine,3388070
2024-12-29,United Kingdom,20399735
2024-12-29,United States,20399735
2024-12-30,Egypt,4206878
2024-12-30,Finland,3015152
2024-12-30,Germany,21889214
2024-12-30,Japan,19525267
2024-12-30,Ukraine,3789350
2024-12-30,United Kingdom,22334419
2024-12-30,United States,22334419
2024-12-31,Egypt,4404313
2024-12-31,Finland,4359200
2024-12-31,Germany,38459170
2024-12-31,Japan,17578533
2024-12-31,Ukraine,4427154
2024-12-31,United Kingdom,29043498
2024-12-31,United States,29043498
